District Name,District Code,# Enrolled,# Retained,% Retained,01,02,03,04,05,06,07,08,09,10,11,12
Abby Kelley Foster Charter Public (District),04450000,"       1,308",           1,   0.1,           0,           0,           0,           0,           0,           0,           0,           0,           0,           1,           0,           0
Abington,00010000,"       1,885",           3,   0.2,           3,           0,           0,           0,           0,           0,           0,           0,           0,           0,           0,           0
Academy Of the Pacific Rim Charter Public (District),04120000,         540,           4,   0.7,,,,,           0,           0,           0,           0,           4,           0,           0,           0
Acton-Boxborough,06000000,"       4,844",           7,   0.1,           0,           3,           0,           0,           0,           0,           0,           0,           1,           0,           0,           3
Acushnet,00030000,         796,           4,   0.5,           1,           0,           0,           0,           0,           0,           2,           1,,,,
Advanced Math and Science Academy Charter (District),04300000,         966,           1,   0.1,,,,,,           0,           0,           0,           0,           1,           0,           0
Agawam,00050000,"       3,175",          19,   0.6,           2,           2,           0,           0,           1,           0,           0,           0,          12,           1,           0,           1
Alma del Mar Charter School (District),04090000,         697,           6,   0.9,           3,           0,           0,           0,           1,           2,           0,           0,,,,
Amesbury,00070000,"       1,685",          13,   0.8,           0,           2,           1,           0,           0,           0,           0,           1,           0,           1,           1,           7
Amherst,00080000,         870,           1,   0.1,           1,           0,           0,           0,           0,           0,,,,,,
Amherst-Pelham,06050000,"       1,275",          16,   1.3,,,,,,,           0,           0,           2,           6,           4,           4
Andover,00090000,"       5,179",          16,   0.3,           1,           0,           0,           1,           0,           0,           2,           0,           6,           3,           0,           3
Argosy Collegiate Charter School (District),35090000,         571,           2,   0.4,,,,,,           0,           0,           0,           0,           2,           0,           0
Arlington,00100000,"       5,237",           9,   0.2,           0,           2,           1,           0,           0,           0,           0,           0,           0,           0,           0,           6
Ashburnham-Westminster,06100000,"       2,017",          11,   0.5,           2,           2,           3,           0,           0,           0,           0,           0,           0,           1,           0,           3
Ashland,00140000,"       2,488",           2,   0.1,           1,           0,           1,           0,           0,           0,           0,           0,           0,           0,           0,           0
Assabet Valley Regional Vocational Technical,08010000,"       1,149",           0,   0.0,,,,,,,,,           0,           0,           0,           0
Athol-Royalston,06150000,"       1,275",           2,   0.2,           0,           0,           0,           0,           0,           0,           0,           0,           0,           2,           0,           0
Atlantis Charter (District),04910000,"       1,186",           3,   0.3,           1,           0,           0,           0,           0,           0,           0,           0,           1,           1,           0,           0
Attleboro,00160000,"       5,298",          18,   0.3,           1,           0,           1,           0,           0,           0,           0,           0,           2,           2,           7,           5
Auburn,00170000,"       2,286",           4,   0.2,           1,           0,           0,           0,           0,           1,           0,           0,           0,           0,           0,           2
Avon,00180000,         630,           6,   1.0,           0,           1,           0,           0,           0,           1,           0,           0,           2,           0,           2,           0
Ayer Shirley School District,06160000,"       1,434",           9,   0.6,           5,           3,           0,           0,           0,           0,           0,           0,           1,           0,           0,           0
Barnstable,00200000,"       4,251",          61,   1.4,           3,           0,           0,           0,           0,           0,           0,           0,          15,          17,          15,          11
Baystate Academy Charter Public School (District),35020000,         469,           4,   0.9,,,,,,           1,           1,           0,           1,           0,           0,           1
Bedford,00230000,"       2,427",           4,   0.2,           1,           1,           0,           0,           0,           0,           0,           0,           1,           1,           0,           0
Belchertown,00240000,"       1,968",          13,   0.7,           1,           0,           1,           0,           0,           0,           0,           0,           4,           5,           2,           0
Bellingham,00250000,"       1,799",           9,   0.5,           1,           1,           1,           0,           0,           0,           2,           0,           0,           1,           3,           0
Belmont,00260000,"       4,119",           1,   0.0,           0,           0,           0,           0,           0,           0,           0,           0,           0,           0,           1,           0
Benjamin Banneker Charter Public (District),04200000,         273,           1,   0.4,           1,           0,           0,           0,           0,           0,,,,,,
Benjamin Franklin Classical Charter Public (District),04470000,         680,           0,   0.0,           0,           0,           0,           0,           0,           0,           0,           0,,,,
Berkley,00270000,         746,           0,   0.0,           0,           0,           0,           0,           0,           0,           0,           0,,,,
Berkshire Arts and Technology Charter Public (District),04140000,         372,           1,   0.3,,,,,,           0,           0,           0,           0,           1,           0,           0
Berkshire Hills,06180000,"       1,080",           9,   0.8,           0,           0,           0,           0,           0,           0,           0,           0,           0,           0,           5,           4
Berlin-Boylston,06200000,         939,           2,   0.2,           0,           1,           0,           0,           0,           0,           1,           0,           0,           0,           0,           0
Beverly,00300000,"       4,171",          18,   0.4,           2,           1,           1,           0,           0,           2,           0,           1,           4,           4,           3,           0
Billerica,00310000,"       4,082",          20,   0.5,           4,           1,           0,           1,           0,           0,           0,           1,           8,           3,           2,           0
Blackstone Valley Regional Vocational Technical,08050000,"       1,231",           1,   0.1,,,,,,,,,           0,           0,           0,           1
Blackstone-Millville,06220000,"       1,410",          13,   0.9,           0,           0,           0,           0,           0,           1,           0,           0,           7,           3,           2,           0
Blue Hills Regional Vocational Technical,08060000,         890,           1,   0.1,,,,,,,,,           1,           0,           0,           0
Boston,00350000,"      41,960",         451,   1.1,          34,          22,          10,           5,           8,           3,           4,          11,          83,          43,          80,         148
Boston Collegiate Charter (District),04490000,         723,          12,   1.7,,,,,           1,           0,           3,           0,           2,           3,           1,           2
Boston Day and Evening Academy Charter (District),04240000,         356,         186,  52.2,,,,,,,,,          50,           9,           0,         127
Boston Green Academy Horace Mann Charter School (District),04110000,         505,           1,   0.2,,,,,,           0,           0,           0,           0,           0,           0,           1
Boston Preparatory Charter Public (District),04160000,         671,           5,   0.7,,,,,,           0,           0,           0,           3,           0,           0,           2
Boston Renaissance Charter Public (District),04810000,         701,           2,   0.3,           0,           0,           2,           0,           0,           0,,,,,,
Bourne,00360000,"       1,519",           8,   0.5,           2,           0,           1,           0,           0,           0,           0,           0,           2,           0,           2,           1
Boxford,00380000,         574,           1,   0.2,           1,           0,           0,           0,           0,           0,,,,,,
Braintree,00400000,"       5,064",          20,   0.4,          10,           4,           1,           1,           0,           0,           0,           0,           0,           0,           3,           1
Brewster,00410000,         335,           1,   0.3,           0,           1,           0,           0,           0,,,,,,,
Bridge Boston Charter School (District),04170000,         267,           3,   1.1,           2,           0,           0,           1,           0,           0,           0,           0,,,,
Bridgewater-Raynham,06250000,"       4,782",          18,   0.4,           6,           1,           0,           1,           0,           0,           1,           0,           0,           3,           3,           3
Brimfield,00430000,         228,           1,   0.4,           0,           0,           0,           0,           0,           1,,,,,,
Bristol County Agricultural,09100000,         448,           0,   0.0,,,,,,,,,           0,           0,           0,           0
Bristol-Plymouth Regional Vocational Technical,08100000,"       1,319",           0,   0.0,,,,,,,,,           0,           0,           0,           0
Brockton,00440000,"      13,965",         187,   1.3,          19,           4,           2,           3,           3,           3,           3,           2,          86,          32,          16,          14
Brooke Charter School (District),04280000,"       1,868",          70,   3.7,          10,           9,           7,           3,           2,           4,           7,          10,           8,           7,           3,           0
Brookfield,00450000,         222,           0,   0.0,           0,           0,           0,           0,           0,           0,,,,,,
Brookline,00460000,"       6,232",           6,   0.1,           1,           0,           0,           0,           1,           0,           0,           0,           0,           0,           0,           4
Burlington,00480000,"       3,055",           7,   0.2,           2,           1,           0,           0,           1,           0,           0,           0,           1,           1,           1,           0
Cambridge,00490000,"       5,625",          58,   1.0,           2,           4,           3,           1,           1,           0,           0,           1,          18,          15,           9,           4
Canton,00500000,"       2,915",           9,   0.3,           1,           2,           1,           0,           1,           0,           1,           0,           0,           1,           1,           1
Cape Cod Lighthouse Charter (District),04320000,         250,           1,   0.4,,,,,,           1,           0,           0,,,,
Cape Cod Regional Vocational Technical,08150000,         626,           4,   0.6,,,,,,,,,           1,           1,           2,           0
Carlisle,00510000,         517,           1,   0.2,           0,           1,           0,           0,           0,           0,           0,           0,,,,
Carver,00520000,"       1,343",           3,   0.2,           3,           0,           0,           0,           0,           0,           0,           0,           0,           0,           0,           0
Central Berkshire,06350000,"       1,393",           8,   0.6,           0,           0,           0,           0,           0,           0,           0,           0,           4,           3,           1,           0
Chelmsford,00560000,"       4,400",          14,   0.3,           1,           0,           1,           0,           0,           1,           2,           0,           3,           0,           3,           3
Chelsea,00570000,"       5,393",         135,   2.5,           4,           1,           2,           0,           0,           0,           0,           0,          48,          36,          29,          15
Chesterfield-Goshen,06320000,          90,           0,   0.0,           0,           0,           0,           0,           0,           0,,,,,,
Chicopee,00610000,"       6,315",          41,   0.6,           6,           0,           2,           2,           0,           0,           0,           0,           4,          11,           0,          16
Christa McAuliffe Charter Public (District),04180000,         399,           0,   0.0,,,,,,           0,           0,           0,,,,
City on a Hill Charter Public School Circuit Street (District),04370000,         299,          50,  16.7,,,,,,,,,          22,          19,           3,           6
Clarksburg,00630000,         172,           1,   0.6,           0,           0,           1,           0,           0,           0,           0,           0,,,,
Clinton,00640000,"       1,639",           7,   0.4,           0,           0,           0,           0,           0,           1,           0,           0,           2,           3,           1,           0
Codman Academy Charter Public (District),04380000,         308,           2,   0.6,           0,           0,           0,           0,           0,           0,           0,           0,           1,           0,           1,           0
Cohasset,00650000,"       1,323",           2,   0.2,           1,           0,           1,           0,           0,           0,           0,           0,           0,           0,           0,           0
Collegiate Charter School of Lowell (District),35030000,         938,           4,   0.4,           1,           0,           0,           0,           0,           1,           0,           0,           2,           0,,
Community Charter School of Cambridge (District),04360000,         304,           2,   0.7,,,,,,           0,           0,           0,           1,           1,           0,           0
Community Day Charter Public School - Gateway (District),04260000,         326,           0,   0.0,           0,           0,           0,           0,           0,           0,           0,           0,,,,
Community Day Charter Public School - Prospect (District),04400000,         346,           0,   0.0,           0,           0,           0,           0,           0,           0,           0,           0,,,,
Community Day Charter Public School - R. Kingman Webster (District),04310000,         326,           0,   0.0,           0,           0,           0,           0,           0,           0,           0,           0,,,,
Concord,00670000,"       1,789",           4,   0.2,           0,           2,           0,           1,           0,           0,           0,           1,,,,
Concord-Carlisle,06400000,"       1,311",           2,   0.2,,,,,,,,,           1,           0,           0,           1
Conservatory Lab Charter (District),04390000,         359,           0,   0.0,           0,           0,           0,           0,           0,           0,           0,           0,,,,
Conway,00680000,         105,           0,   0.0,           0,           0,           0,           0,           0,           0,,,,,,
Danvers,00710000,"       2,954",           5,   0.2,           0,           0,           0,           0,           0,           0,           0,           1,           1,           0,           0,           3
Dartmouth,00720000,"       3,127",          15,   0.5,           1,           0,           0,           1,           0,           0,           0,           0,           4,           5,           3,           1
Dedham,00730000,"       2,274",          15,   0.7,           3,           0,           0,           0,           0,           0,           0,           0,           3,           3,           4,           2
Deerfield,00740000,         279,           0,   0.0,           0,           0,           0,           0,           0,           0,,,,,,
Dennis-Yarmouth,06450000,"       2,456",          17,   0.7,           2,           2,           1,           0,           0,           1,           0,           2,           0,           1,           1,           7
Dighton-Rehoboth,06500000,"       2,386",          21,   0.9,           0,           1,           0,           0,           1,           0,           0,           0,          11,           3,           0,           5
Douglas,00770000,"       1,060",           6,   0.6,           0,           0,           0,           0,           0,           0,           0,           0,           1,           0,           0,           5
Dover,00780000,         406,           0,   0.0,           0,           0,           0,           0,           0,,,,,,,
Dover-Sherborn,06550000,"       1,181",           0,   0.0,,,,,,           0,           0,           0,           0,           0,           0,           0
Dracut,00790000,"       3,311",          16,   0.5,           3,           1,           0,           0,           0,           0,           0,           0,           9,           3,           0,           0
Dudley Street Neighborhood Charter School (District),04070000,         202,           2,   1.0,           0,           0,           0,           0,           2,,,,,,,
Dudley-Charlton Reg,06580000,"       3,143",          33,   1.0,           4,           0,           0,           0,           0,           0,           0,           1,          20,           3,           4,           1
Duxbury,00820000,"       2,575",           3,   0.1,           0,           0,           0,           0,           0,           1,           0,           0,           0,           0,           0,           2
East Bridgewater,00830000,"       1,877",           1,   0.1,           0,           0,           0,           0,           0,           0,           0,           0,           0,           0,           1,           0
East Longmeadow,00870000,"       2,251",           6,   0.3,           1,           0,           3,           0,           0,           1,           0,           1,           0,           0,           0,           0
Eastham,00850000,         151,           0,   0.0,           0,           0,           0,           0,           0,,,,,,,
Easthampton,00860000,"       1,312",           7,   0.5,           0,           0,           0,           0,           0,           0,           0,           0,           3,           3,           1,           0
Easton,00880000,"       3,193",           8,   0.3,           3,           0,           2,           0,           0,           0,           0,           0,           0,           2,           0,           1
Edgartown,00890000,         337,           1,   0.3,           0,           0,           0,           0,           0,           0,           1,           0,,,,
Edward M. Kennedy Academy for Health Careers (Horace Mann Charter) (District),04520000,         385,           0,   0.0,,,,,,,,,           0,           0,           0,           0
Erving,00910000,          86,           0,   0.0,           0,           0,           0,           0,           0,           0,,,,,,
Essex North Shore Agricultural and Technical School District,08170000,"       1,564",           3,   0.2,,,,,,,,,           1,           0,           2,           0
Everett,00930000,"       6,269",          49,   0.8,           2,           0,           2,           0,           0,           0,           0,           0,           3,           3,           3,          36
Excel Academy Charter (District),04100000,"       1,389",           3,   0.2,,,,,           2,           1,           0,           0,           0,           0,           0,           0
Fairhaven,00940000,"       1,780",           8,   0.4,           1,           1,           2,           0,           0,           0,           0,           0,           1,           0,           2,           1
Fall River,00950000,"       9,060",         103,   1.1,           6,           3,           2,           1,           0,           0,           9,           5,           3,          34,          15,          25
Falmouth,00960000,"       2,750",          21,   0.8,           1,           0,           0,           0,           0,           0,           0,           0,           7,          11,           2,           0
Farmington River Reg,06620000,          73,           0,   0.0,           0,           0,           0,           0,           0,           0,,,,,,
Fitchburg,00970000,"       4,687",          23,   0.5,           3,           3,           3,           0,           0,           1,           1,           0,           0,           1,           5,           6
Florida,00980000,          69,           0,   0.0,           0,           0,,           0,           0,,           0,           0,,,,
Four Rivers Charter Public (District),04130000,         215,           1,   0.5,,,,,,,           0,           0,           0,           0,           0,           1
Foxborough,00990000,"       2,205",           5,   0.2,           1,           0,           0,           0,           0,           0,           0,           0,           0,           1,           0,           3
Foxborough Regional Charter (District),04460000,"       1,566",           4,   0.3,           1,           0,           0,           0,           1,           0,           0,           0,           2,           0,           0,           0
Framingham,01000000,"       7,878",          85,   1.1,           3,           2,           1,           2,           0,           0,           0,           0,          36,          22,          14,           5
Francis W. Parker Charter Essential (District),04780000,         399,           5,   1.3,,,,,,,           0,           0,           1,           0,           3,           1
Franklin,01010000,"       4,486",           9,   0.2,           1,           1,           1,           0,           0,           0,           0,           0,           4,           1,           1,           0
Franklin County Regional Vocational Technical,08180000,         555,           2,   0.4,,,,,,,,,           1,           1,           0,           0
Freetown-Lakeville,06650000,"       2,470",          15,   0.6,           1,           0,           0,           0,           2,           0,           1,           0,           3,           2,           2,           4
Frontier,06700000,         643,           5,   0.8,,,,,,,           0,           0,           0,           2,           2,           1
Gardner,01030000,"       1,993",          34,   1.7,           1,           0,           0,           0,           0,           0,           1,           0,          22,           5,           2,           3
Gateway,06720000,         678,           3,   0.4,           0,           0,           0,           0,           0,           0,           0,           0,           1,           0,           2,           0
Georgetown,01050000,"       1,118",           1,   0.1,           1,           0,           0,           0,           0,           0,           0,           0,           0,           0,           0,           0
Gill-Montague,06740000,         751,           2,   0.3,           0,           1,           0,           0,           0,           0,           0,           0,           1,           0,           0,           0
Global Learning Charter Public (District),04960000,         503,           2,   0.4,,,,,           1,           0,           1,           0,           0,           0,           0,           0
Gloucester,01070000,"       2,469",          68,   2.8,           5,           0,           1,           0,           0,           0,           0,           0,          37,          16,           6,           3
Gosnold,01090000,           4,,,,,,,,,,,,,,
Grafton,01100000,"       2,826",           6,   0.2,           2,           0,           0,           0,           0,           0,           0,           0,           1,           2,           0,           1
Granby,01110000,         645,           0,   0.0,           0,           0,           0,           0,           0,           0,           0,           0,           0,           0,           0,           0
Greater Fall River Regional Vocational Technical,08210000,"       1,452",           1,   0.1,,,,,,,,,           0,           0,           0,           1
Greater Lawrence Regional Vocational Technical,08230000,"       1,634",           3,   0.2,,,,,,,,,           0,           1,           0,           2
Greater Lowell Regional Vocational Technical,08280000,"       2,278",           2,   0.1,,,,,,,,,           0,           1,           1,           0
Greater New Bedford Regional Vocational Technical,08250000,"       2,113",           5,   0.2,,,,,,,,,           1,           0,           3,           1
Greenfield,01140000,"       1,370",          20,   1.5,           6,           1,           2,           0,           0,           0,           0,           0,           8,           3,           0,           0
Greenfield Commonwealth Virtual District,39010000,         911,          90,   9.9,           0,           2,           0,           2,           1,           3,           1,           3,          39,          21,          14,           4
Groton-Dunstable,06730000,"       2,093",           2,   0.1,           1,           0,           0,           0,           0,           0,           0,           0,           0,           1,           0,           0
Hadley,01170000,         452,           3,   0.7,           0,           0,           0,           0,           0,           0,           0,           0,           1,           0,           0,           2
Halifax,01180000,         502,           1,   0.2,           1,           0,           0,           0,           0,           0,,,,,,
Hamilton-Wenham,06750000,"       1,537",           2,   0.1,           0,           0,           0,           0,           1,           0,           0,           0,           0,           0,           0,           1
Hampden Charter School of Science East (District),04990000,         540,           9,   1.7,,,,,,           3,           1,           2,           3,           0,           0,           0
Hampden Charter School of Science West (District),35160000,         320,           2,   0.6,,,,,,           1,           0,           0,           1,           0,           0,
Hampden-Wilbraham,06800000,"       2,624",          15,   0.6,           1,           0,           0,           0,           0,           0,           0,           0,          11,           3,           0,           0
Hampshire,06830000,         678,           1,   0.1,,,,,,,           1,           0,           0,           0,           0,           0
Hancock,01210000,          47,           1,   2.1,           0,           0,,           0,           0,           1,,,,,,
Hanover,01220000,"       2,365",          14,   0.6,           1,           3,           1,           1,           1,           0,           0,           1,           0,           1,           1,           4
Harvard,01250000,         937,           0,   0.0,           0,           0,           0,           0,           0,           0,           0,           0,           0,           0,           0,           0
Hatfield,01270000,         368,           0,   0.0,           0,           0,           0,           0,           0,           0,           0,           0,           0,           0,           0,           0
Haverhill,01280000,"       7,084",          63,   0.9,           2,           1,           0,           1,           0,           1,           1,           1,          41,           1,           9,           5
Hawlemont,06850000,          92,           0,   0.0,           0,           0,           0,           0,           0,           0,,,,,,
Helen Y. Davis Leadership Academy Charter Public (District),04190000,         193,           2,   1.0,,,,,,           0,           0,           2,,,,
Hill View Montessori Charter Public (District),04550000,         268,           0,   0.0,           0,           0,           0,           0,           0,           0,           0,           0,,,,
Hilltown Cooperative Charter Public (District),04500000,         198,           0,   0.0,           0,           0,           0,           0,           0,           0,           0,           0,,,,
Hingham,01310000,"       3,648",           6,   0.2,           2,           1,           0,           0,           0,           0,           0,           0,           0,           1,           1,           1
Holbrook,01330000,"       1,139",          29,   2.5,           2,           0,           0,           0,           0,           0,           0,           0,          13,           8,           4,           2
Holland,01350000,         163,           0,   0.0,           0,           0,           0,           0,           0,           0,,,,,,
Holliston,01360000,"       2,512",           4,   0.2,           0,           0,           0,           0,           0,           0,           0,           0,           1,           0,           1,           2
Holyoke,01370000,"       4,538",          60,   1.3,           1,           1,           0,           0,           1,           1,           0,           1,           1,           2,           1,          51
Holyoke Community Charter (District),04530000,         645,           1,   0.2,           0,           1,           0,           0,           0,           0,           0,           0,,,,
Hoosac Valley Regional,06030000,         932,          18,   1.9,           0,           0,           0,           0,           0,           0,           0,           0,           9,           5,           1,           3
Hopedale,01380000,         938,           0,   0.0,           0,           0,           0,           0,           0,           0,           0,           0,           0,           0,           0,           0
Hopkinton,01390000,"       3,580",           2,   0.1,           0,           0,           0,           0,           0,           0,           0,           0,           0,           1,           0,           1
Hudson,01410000,"       2,224",          27,   1.2,           2,           5,           1,           1,           0,           0,           0,           0,           9,           4,           4,           1
Hull,01420000,         728,           0,   0.0,           0,           0,           0,           0,           0,           0,           0,           0,           0,           0,           0,           0
Innovation Academy Charter (District),04350000,         790,          20,   2.5,,,,,           0,           0,           0,           1,          10,           5,           0,           4
Ipswich,01440000,"       1,477",           6,   0.4,           0,           0,           0,           0,           0,           0,           0,           0,           3,           1,           0,           2
KIPP Academy Boston Charter School (District),04630000,         548,           2,   0.4,           1,           0,           1,           0,           0,           0,           0,           0,,,,
KIPP Academy Lynn Charter (District),04290000,"       1,490",           6,   0.4,           0,           0,           1,           1,           0,           0,           0,           0,           2,           2,           0,           0
King Philip,06900000,"       1,940",           5,   0.3,,,,,,,           1,           1,           0,           1,           2,           0
Kingston,01450000,         901,           1,   0.1,           0,           0,           0,           1,           0,           0,,,,,,
Lawrence,01490000,"      11,751",         130,   1.1,           1,           0,           0,           3,           0,           0,           0,           0,          33,          37,          14,          42
Lawrence Family Development Charter (District),04540000,         642,           0,   0.0,           0,           0,           0,           0,           0,           0,           0,           0,,,,
Learning First Charter Public School (District),04860000,         594,           0,   0.0,           0,           0,           0,           0,           0,           0,           0,           0,,,,
Lee,01500000,         626,           4,   0.6,           0,           0,           0,           0,           0,           1,           0,           1,           1,           1,           0,           0
Leicester,01510000,"       1,261",          10,   0.8,           0,           0,           0,           1,           1,           0,           0,           0,           5,           3,           0,           0
Lenox,01520000,         691,           4,   0.6,           0,           0,           0,           1,           0,           1,           0,           2,           0,           0,           0,           0
Leominster,01530000,"       5,439",          31,   0.6,           1,           2,           0,           0,           0,           0,           0,           0,           1,           2,           3,          22
Leverett,01540000,         101,           0,   0.0,           0,           0,           0,           0,           0,           0,,,,,,
Lexington,01550000,"       6,535",           7,   0.1,           0,           0,           0,           2,           0,           0,           0,           0,           0,           1,           0,           4
Libertas Academy Charter School (District),35140000,         260,           6,   2.3,,,,,,           5,           1,           0,,,,
Lincoln,01570000,         882,           1,   0.1,           0,           1,           0,           0,           0,           0,           0,           0,,,,
Lincoln-Sudbury,06950000,"       1,519",           7,   0.5,,,,,,,,,           0,           4,           2,           1
Littleton,01580000,"       1,421",          13,   0.9,          11,           0,           0,           0,           0,           0,           0,           0,           0,           0,           0,           2
Longmeadow,01590000,"       2,544",           6,   0.2,           0,           1,           0,           0,           0,           1,           1,           0,           0,           0,           0,           3
Lowell,01600000,"      12,529",         166,   1.3,           7,           8,           2,           5,           2,           2,           0,           1,          68,          18,          15,          38
Lowell Community Charter Public (District),04560000,         668,           5,   0.7,           2,           2,           0,           1,           0,           0,           0,           0,,,,
Lowell Middlesex Academy Charter (District),04580000,          88,          59,  67.0,,,,,,,,,          17,          15,          17,          10
Ludlow,01610000,"       2,201",          26,   1.2,           1,           2,           0,           0,           0,           0,           0,           2,          13,           7,           1,           0
Lunenburg,01620000,"       1,450",           3,   0.2,           0,           1,           0,           0,           0,           0,           1,           1,           0,           0,           0,           0
Lynn,01630000,"      14,277",          41,   0.3,          10,           5,           2,           0,           0,           1,           2,           0,           4,           9,           5,           3
Lynnfield,01640000,"       1,970",           0,   0.0,           0,           0,           0,           0,           0,           0,           0,           0,           0,           0,           0,           0
MATCH Charter Public School (District),04690000,"       1,070",           1,   0.1,           0,           0,           0,           0,           0,           0,           1,           0,           0,           0,           0,           0
Ma Academy for Math and Science,04680000,          98,           1,   1.0,,,,,,,,,,,           1,           0
Malden,01650000,"       5,479",          28,   0.5,           0,           1,           1,           0,           0,           1,           0,           0,          13,           8,           3,           1
Manchester Essex Regional,06980000,"       1,196",           0,   0.0,           0,           0,           0,           0,           0,           0,           0,           0,           0,           0,           0,           0
Mansfield,01670000,"       3,179",           4,   0.1,           1,           0,           1,           0,           0,           0,           0,           0,           1,           0,           0,           1
Map Academy Charter School (District),35170000,         206,          91,  44.2,,,,,,,,,          29,          13,          31,          18
Marblehead,01680000,"       2,522",           6,   0.2,           1,           0,           0,           0,           0,           0,           0,           0,           0,           1,           2,           2
Marblehead Community Charter Public (District),04640000,         208,           1,   0.5,,,,           0,           0,           0,           0,           1,,,,
Marion,01690000,         342,           0,   0.0,           0,           0,           0,           0,           0,           0,,,,,,
Marlborough,01700000,"       4,129",           8,   0.2,           3,           1,           0,           0,           0,           0,           0,           0,           0,           2,           2,           0
Marshfield,01710000,"       3,418",           4,   0.1,           1,           1,           0,           0,           0,           0,           0,           0,           2,           0,           0,           0
Martha's Vineyard,07000000,         685,          10,   1.5,,,,,,,,,           0,           2,           5,           3
Martha's Vineyard Charter (District),04660000,         164,           1,   0.6,           0,           0,           1,           0,           0,           0,           0,           0,           0,,           0,
Martin Luther King Jr. Charter School of Excellence (District),04920000,         299,           1,   0.3,           0,           1,           0,           0,           0,,,,,,,
Masconomet,07050000,"       1,684",           3,   0.2,,,,,,,           0,           0,           0,           1,           0,           2
Mashpee,01720000,"       1,321",           6,   0.5,           1,           0,           3,           0,           0,           0,           0,           0,           0,           2,           0,           0
Mattapoisett,01730000,         336,           0,   0.0,           0,           0,           0,           0,           0,           0,,,,,,
Maynard,01740000,"       1,064",           7,   0.7,           2,           1,           0,           0,           0,           0,           0,           0,           1,           0,           1,           2
Medfield,01750000,"       2,310",           7,   0.3,           1,           0,           1,           0,           0,           0,           0,           0,           0,           2,           1,           2
Medford,01760000,"       3,602",           9,   0.2,           2,           0,           1,           2,           0,           0,           0,           0,           0,           0,           1,           3
Medway,01770000,"       1,904",           1,   0.1,           0,           0,           0,           0,           0,           0,           0,           0,           0,           0,           0,           1
Melrose,01780000,"       3,277",           6,   0.2,           0,           0,           2,           1,           0,           0,           0,           0,           1,           0,           2,           0
Mendon-Upton,07100000,"       1,980",           3,   0.2,           0,           0,           0,           0,           0,           0,           0,           0,           0,           0,           3,           0
Methuen,01810000,"       6,003",          53,   0.9,           1,           1,           0,           0,           0,           0,           1,           0,           6,          30,           6,           8
Middleborough,01820000,"       2,658",          17,   0.6,           2,           1,           1,           0,           0,           0,           0,           1,           6,           4,           1,           1
Middleton,01840000,         520,           2,   0.4,           1,           1,           0,           0,           0,           0,,,,,,
Milford,01850000,"       3,832",          24,   0.6,           1,           0,           0,           0,           0,           0,           0,           1,          10,           4,           7,           1
Millbury,01860000,"       1,440",          14,   1.0,           2,           1,           0,           0,           0,           0,           0,           0,           4,           7,           0,           0
Millis,01870000,"       1,032",           8,   0.8,           0,           0,           0,           0,           0,           0,           0,           0,           6,           1,           1,           0
Milton,01890000,"       3,941",           8,   0.2,           3,           0,           0,           1,           0,           0,           0,           0,           0,           1,           2,           1
Minuteman Regional Vocational Technical,08300000,         635,           6,   0.9,,,,,,,,,           3,           1,           0,           2
Mohawk Trail,07170000,         641,           3,   0.5,           2,           1,           0,           0,           0,           0,           0,           0,           0,           0,           0,           0
Monomoy Regional School District,07120000,"       1,634",           2,   0.1,           0,           0,           0,           0,           0,           1,           0,           0,           1,           0,           0,           0
Monson,01910000,         757,          12,   1.6,           4,           0,           0,           0,           0,           0,           0,           0,           6,           2,           0,           0
Montachusett Regional Vocational Technical,08320000,"       1,417",          15,   1.1,,,,,,,,,          10,           2,           3,           0
Mount Greylock,07150000,"       1,018",           1,   0.1,           0,           0,           0,           0,           0,           0,           0,           0,           0,           1,           0,           0
Mystic Valley Regional Charter (District),04700000,"       1,467",           2,   0.1,           0,           0,           2,           0,           0,           0,           0,           0,           0,           0,           0,           0
Nahant,01960000,         106,           1,   0.9,           1,           0,           0,           0,           0,           0,,,,,,
Nantucket,01970000,"       1,498",           7,   0.5,           3,           1,           0,           0,           0,           0,           0,           1,           1,           0,           1,           0
Narragansett,07200000,"       1,184",           9,   0.8,           1,           0,           1,           1,           0,           0,           0,           0,           2,           1,           3,           0
Nashoba,07250000,"       2,802",           9,   0.3,           3,           0,           0,           0,           0,           0,           0,           0,           2,           2,           0,           2
Nashoba Valley Regional Vocational Technical,08520000,         725,           2,   0.3,,,,,,,,,           2,           0,           0,           0
Natick,01980000,"       4,843",          10,   0.2,           2,           0,           0,           0,           0,           1,           1,           0,           0,           0,           0,           6
Nauset,06600000,"       1,425",           7,   0.5,,,,,,           0,           2,           0,           0,           3,           1,           1
Needham,01990000,"       5,099",           6,   0.1,           2,           0,           2,           0,           0,           0,           0,           0,           0,           0,           0,           2
Neighborhood House Charter (District),04440000,         734,          11,   1.5,           0,           0,           0,           0,           1,           0,           0,           0,           7,           2,           1,           0
New Bedford,02010000,"      11,323",          92,   0.8,          18,          12,           5,           3,           1,           1,           1,           2,           5,           4,           8,          32
New Heights Charter School of Brockton (District),35130000,         742,           4,   0.5,,,,,,           0,           0,           0,           0,           2,           2,           0
New Salem-Wendell,07280000,         104,           0,   0.0,           0,           0,           0,           0,           0,           0,,,,,,
Newburyport,02040000,"       1,974",           2,   0.1,           1,           0,           0,           0,           0,           0,           0,           0,           0,           0,           0,           1
Newton,02070000,"      11,196",          23,   0.2,           4,           0,           1,           0,           0,           0,           1,           0,           0,           3,           1,          13
Norfolk,02080000,         773,           5,   0.6,           3,           1,           1,           0,           0,           0,,,,,,
Norfolk County Agricultural,09150000,         588,           1,   0.2,,,,,,,,,           0,           0,           1,           0
North Adams,02090000,"       1,068",           4,   0.4,           0,           0,           1,           1,           0,           0,           0,           0,           1,           1,           0,           0
North Andover,02110000,"       4,167",           8,   0.2,           3,           1,           0,           0,           1,           0,           0,           0,           1,           0,           0,           2
North Attleborough,02120000,"       3,537",          28,   0.8,           1,           0,           0,           1,           0,           0,           0,           0,           4,           4,           1,          17
North Brookfield,02150000,         441,           3,   0.7,           0,           1,           0,           0,           0,           0,           0,           0,           0,           0,           0,           2
North Middlesex,07350000,"       2,625",          12,   0.5,           1,           1,           0,           1,           0,           0,           0,           0,           1,           3,           2,           3
North Reading,02170000,"       2,093",           2,   0.1,           1,           0,           0,           1,           0,           0,           0,           0,           0,           0,           0,           0
Northampton,02100000,"       2,389",           6,   0.3,           2,           0,           0,           0,           0,           0,           0,           0,           0,           0,           1,           3
Northampton-Smith Vocational Agricultural,04060000,         528,           0,   0.0,,,,,,,,,           0,           0,           0,           0
Northboro-Southboro,07300000,"       1,345",           0,   0.0,,,,,,,,,           0,           0,           0,           0
Northborough,02130000,"       1,381",           1,   0.1,           0,           0,           0,           0,           0,           0,           1,           0,,,,
Northbridge,02140000,"       1,722",          20,   1.2,           1,           0,           0,           2,           0,           0,           1,           0,          13,           1,           1,           1
Northeast Metropolitan Regional Vocational Technical,08530000,"       1,281",           1,   0.1,,,,,,,,,           0,           1,           0,           0
Northern Berkshire Regional Vocational Technical,08510000,         506,           5,   1.0,,,,,,,,,           0,           2,           2,           1
Norton,02180000,"       2,110",           8,   0.4,           1,           1,           0,           0,           0,           0,           0,           1,           1,           3,           0,           1
Norwell,02190000,"       1,992",           2,   0.1,           0,           0,           0,           2,           0,           0,           0,           0,           0,           0,           0,           0
Norwood,02200000,"       3,032",           6,   0.2,           1,           0,           0,           0,           0,           1,           0,           0,           3,           0,           1,           0
Oak Bluffs,02210000,         361,           2,   0.6,           0,           1,           0,           1,           0,           0,           0,           0,,,,
Old Colony Regional Vocational Technical,08550000,         563,           0,   0.0,,,,,,,,,           0,           0,           0,           0
Old Rochester,07400000,"       1,124",           4,   0.4,,,,,,,           1,           0,           1,           0,           2,           0
Old Sturbridge Academy Charter Public School (District),35150000,         240,           0,   0.0,           0,           0,           0,           0,           0,           0,,,,,,
Orange,02230000,         400,           3,   0.8,           0,           2,           0,           0,           1,           0,,,,,,
Orleans,02240000,         158,           1,   0.6,           1,           0,           0,           0,           0,,,,,,,
Oxford,02260000,"       1,345",          11,   0.8,           2,           1,           1,           0,           1,           0,           0,           0,           0,           4,           1,           1
Palmer,02270000,"       1,075",           4,   0.4,           1,           0,           0,           0,           0,           0,           0,           0,           0,           1,           0,           2
Pathfinder Regional Vocational Technical,08600000,         610,           5,   0.8,,,,,,,,,           2,           2,           1,           0
Paulo Freire Social Justice Charter School (District),35010000,         263,          34,  12.9,,,,,,,,,          24,           5,           2,           3
Peabody,02290000,"       5,212",          24,   0.5,           6,           2,           2,           0,           0,           1,           0,           0,           0,           0,           0,          13
Pelham,02300000,          91,           0,   0.0,           0,           0,           0,           0,           0,           0,,,,,,
Pembroke,02310000,"       2,381",           1,   0.0,           0,           0,           0,           0,           0,           0,           0,           0,           0,           0,           0,           1
Pentucket,07450000,"       2,009",           5,   0.2,           1,           2,           1,           0,           0,           0,           0,           0,           0,           0,           0,           1
Petersham,02340000,         108,           0,   0.0,           0,           0,           0,           0,           0,           0,,,,,,
Phoenix Academy Public Charter High School Lawrence (District),35180000,         159,          86,  54.1,,,,,,,,,          68,,          16,
Phoenix Academy Public Charter High School Springfield (District),35080000,         208,         131,  63.0,,,,,,,,,         109,,          21,           1
Phoenix Charter Academy (District),04930000,         221,         131,  59.3,,,,,,,,,         115,,          13,           3
Pioneer Charter School of Science (District),04940000,         731,           3,   0.4,           0,           0,           0,           0,           1,           0,           1,           0,           0,           1,           0,           0
Pioneer Charter School of Science II (PCSS-II) (District),35060000,         370,           0,   0.0,,,,,,,           0,           0,           0,           0,           0,           0
Pioneer Valley,07500000,         565,           1,   0.2,           0,           0,           0,           0,           0,           0,           0,           0,           1,           0,           0,           0
Pioneer Valley Chinese Immersion Charter (District),04970000,         516,           0,   0.0,           0,           0,           0,           0,           0,           0,           0,           0,           0,           0,           0,           0
Pioneer Valley Performing Arts Charter Public (District),04790000,         391,           2,   0.5,,,,,,,           0,           0,           1,           0,           0,           1
Pittsfield,02360000,"       4,593",          35,   0.8,           2,           7,           0,           1,           2,           0,           0,           0,          14,           4,           1,           4
Plainville,02380000,         517,           1,   0.2,           0,           0,           1,           0,           0,           0,,,,,,
Plymouth,02390000,"       6,484",          21,   0.3,           2,           0,           2,           1,           0,           0,           0,           1,           6,           5,           4,           0
Plympton,02400000,         179,           1,   0.6,           0,           1,           0,           0,           0,           0,,,,,,
Prospect Hill Academy Charter (District),04870000,"       1,047",          12,   1.1,           1,           0,           2,           0,           0,           0,           0,           0,           3,           4,           1,           1
Provincetown,02420000,          98,           0,   0.0,           0,           0,           0,           0,           0,           0,           0,           0,,,,
Quabbin,07530000,"       1,885",          32,   1.7,           0,           0,           0,           0,           0,           0,           0,           0,          21,           7,           2,           2
Quaboag Regional,07780000,"       1,060",           8,   0.8,           0,           0,           0,           0,           0,           0,           1,           1,           5,           0,           1,           0
Quincy,02430000,"       8,491",          24,   0.3,           2,           3,           0,           4,           0,           0,           0,           0,           1,           3,           9,           2
Ralph C Mahar,07550000,         619,          27,   4.4,,,,,,,           0,           0,          12,           4,           7,           4
Randolph,02440000,"       2,435",          27,   1.1,           1,           2,           2,           3,           1,           1,           8,           0,           0,           5,           2,           2
Reading,02460000,"       3,616",           4,   0.1,           0,           0,           0,           0,           0,           0,           0,           0,           0,           0,           1,           3
Revere,02480000,"       6,591",         191,   2.9,          29,           5,           4,           1,           1,           0,           0,           0,          66,          60,          21,           4
Richmond,02490000,         124,           0,   0.0,           0,           0,           0,           0,           0,           0,           0,           0,,,,
Rising Tide Charter Public (District),04830000,         666,           2,   0.3,,,,,           0,           0,           0,           0,           2,           0,           0,           0
River Valley Charter (District),04820000,         258,           1,   0.4,           0,           0,           1,           0,           0,           0,           0,           0,,,,
Rochester,02500000,         405,           0,   0.0,           0,           0,           0,           0,           0,           0,,,,,,
Rockland,02510000,"       2,004",          15,   0.7,           0,           0,           0,           1,           0,           0,           0,           0,           7,           5,           2,           0
Rockport,02520000,         713,           1,   0.1,           0,           0,           0,           0,           0,           0,           0,           0,           0,           0,           0,           1
Rowe,02530000,          58,           0,   0.0,           0,           0,           0,           0,,           0,,,,,,
Roxbury Preparatory Charter (District),04840000,"       1,596",          32,   2.0,,,,,           1,           7,           1,           1,          19,           2,           1,           0
Sabis International Charter (District),04410000,"       1,452",           5,   0.3,           1,           0,           1,           1,           1,           0,           0,           0,           0,           1,           0,           0
Salem,02580000,"       3,385",         117,   3.5,           3,           1,           2,           0,           1,           0,           0,           0,          44,          30,          19,          17
Salem Academy Charter (District),04850000,         495,           5,   1.0,,,,,,           0,           0,           0,           2,           1,           1,           1
Sandwich,02610000,"       2,119",           4,   0.2,           2,           0,           0,           0,           0,           0,           0,           1,           0,           1,           0,           0
Saugus,02620000,"       2,199",          14,   0.6,           5,           0,           0,           0,           0,           0,           0,           0,           2,           2,           5,           0
Savoy,02630000,          36,           0,   0.0,,,           0,           0,,           0,,,,,,
Scituate,02640000,"       2,616",           9,   0.3,           1,           0,           0,           1,           1,           0,           1,           1,           0,           0,           0,           4
Seekonk,02650000,"       1,851",           4,   0.2,           1,           0,           0,           0,           0,           0,           0,           0,           0,           2,           0,           1
Sharon,02660000,"       3,270",          10,   0.3,           1,           1,           1,           0,           0,           0,           0,           0,           0,           0,           0,           7
Shawsheen Valley Regional Vocational Technical,08710000,"       1,308",           2,   0.2,,,,,,,,,           0,           1,           0,           1
Sherborn,02690000,         323,           0,   0.0,           0,           0,           0,           0,           0,,,,,,,
Shrewsbury,02710000,"       5,577",          10,   0.2,           1,           2,           1,           1,           2,           0,           0,           0,           0,           0,           1,           2
Shutesbury,02720000,          91,           1,   1.1,           1,           0,           0,           0,           0,           0,,,,,,
Silver Lake,07600000,"       1,592",           1,   0.1,,,,,,,           0,           1,           0,           0,           0,           0
Sizer School: A North Central Charter Essential (District),04740000,         366,           0,   0.0,,,,,,,           0,           0,           0,           0,           0,           0
Somerset,02730000,"       1,440",           1,   0.1,           1,           0,           0,           0,           0,           0,           0,           0,,,,
Somerset Berkley Regional School District,07630000,"       1,000",           8,   0.8,,,,,,,,,           0,           1,           0,           7
Somerville,02740000,"       4,059",          22,   0.5,           0,           1,           1,           0,           0,           0,           0,           0,          11,           4,           2,           3
South Hadley,02780000,"       1,610",           7,   0.4,           0,           2,           0,           2,           1,           0,           1,           0,           1,           0,           0,           0
South Middlesex Regional Vocational Technical,08290000,         817,           4,   0.5,,,,,,,,,           1,           1,           2,           0
South Shore Charter Public (District),04880000,         965,           3,   0.3,           0,           0,           0,           0,           0,           0,           0,           0,           1,           1,           1,           0
South Shore Regional Vocational Technical,08730000,         646,           1,   0.2,,,,,,,,,           0,           0,           1,           0
Southampton,02750000,         360,           1,   0.3,           1,           0,           0,           0,           0,           0,,,,,,
Southborough,02760000,"       1,028",           1,   0.1,           0,           0,           0,           0,           0,           1,           0,           0,,,,
Southbridge,02770000,"       1,671",          91,   5.4,           0,           0,           0,           0,           0,           0,           0,           0,          50,          21,          11,           9
Southeastern Regional Vocational Technical,08720000,"       1,527",           7,   0.5,,,,,,,,,           4,           2,           1,           0
Southern Berkshire,07650000,         544,           4,   0.7,           2,           1,           0,           0,           0,           0,           0,           0,           0,           0,           0,           1
Southern Worcester County Regional Vocational Technical,08760000,"       1,171",           2,   0.2,,,,,,,,,           1,           0,           1,           0
Southwick-Tolland-Granville Regional School District,07660000,"       1,285",           4,   0.3,           1,           0,           0,           0,           1,           0,           0,           1,           0,           0,           1,           0
Spencer-E Brookfield,07670000,"       1,196",           4,   0.3,           1,           0,           0,           0,           0,           0,           0,           1,           0,           1,           0,           1
Springfield,02810000,"      21,289",         590,   2.8,          68,          41,           9,           6,           4,           2,           6,           0,         211,         103,          51,          89
Springfield Preparatory Charter School (District),35100000,         324,          11,   3.4,           5,           1,           2,           3,           0,           0,,,,,,
Stoneham,02840000,"       2,022",           5,   0.2,           1,           1,           0,           0,           0,           0,           0,           0,           1,           0,           0,           2
Stoughton,02850000,"       3,072",          19,   0.6,           2,           1,           1,           0,           0,           0,           0,           1,           4,           8,           1,           1
Sturbridge,02870000,         661,           3,   0.5,           1,           0,           1,           0,           0,           1,,,,,,
Sturgis Charter Public (District),04890000,         853,           1,   0.1,,,,,,,,,           0,           1,           0,           0
Sudbury,02880000,"       2,283",           6,   0.3,           2,           2,           1,           0,           0,           0,           1,           0,,,,
Sunderland,02890000,         155,           0,   0.0,           0,           0,           0,           0,           0,           0,,,,,,
Sutton,02900000,"       1,161",           4,   0.3,           1,           1,           0,           0,           0,           0,           0,           0,           0,           0,           0,           2
Swampscott,02910000,"       1,960",           9,   0.5,           1,           0,           1,           0,           0,           0,           0,           1,           0,           0,           0,           6
Swansea,02920000,"       1,842",           9,   0.5,           2,           1,           0,           0,           0,           0,           1,           1,           3,           1,           0,           0
TEC Connections Academy Commonwealth Virtual School District,39020000,"       2,463",         248,  10.1,           0,           1,           1,           1,           1,           2,           5,           4,         106,          81,          30,          16
Tantasqua,07700000,"       1,770",          25,   1.4,,,,,,,           0,           0,          13,           8,           2,           2
Taunton,02930000,"       7,040",          64,   0.9,           2,           0,           1,           3,           0,           0,           0,          13,          20,           7,           8,          10
Tewksbury,02950000,"       2,804",           3,   0.1,           0,           0,           0,           0,           0,           0,           0,           0,           0,           0,           2,           1
Tisbury,02960000,         239,           0,   0.0,           0,           0,           0,           0,           0,           0,           0,           0,,,,
Topsfield,02980000,         483,           0,   0.0,           0,           0,           0,           0,           0,           0,,,,,,
Tri-County Regional Vocational Technical,08780000,         953,           2,   0.2,,,,,,,,,           1,           1,           0,           0
Triton,07730000,"       1,965",          14,   0.7,           3,           1,           1,           0,           1,           0,           0,           0,           5,           2,           1,           0
Truro,03000000,          78,           0,   0.0,           0,           0,           0,           0,           0,,,,,,,
Tyngsborough,03010000,"       1,441",           1,   0.1,           0,           0,           1,           0,           0,           0,           0,           0,           0,           0,           0,           0
UP Academy Charter School of Boston (District),04800000,         349,           0,   0.0,,,,,,           0,           0,           0,,,,
UP Academy Charter School of Dorchester (District),35050000,         566,           1,   0.2,           1,           0,           0,           0,           0,           0,           0,           0,,,,
Up-Island Regional,07740000,         347,           1,   0.3,           0,           0,           0,           1,           0,           0,           0,           0,,,,
Upper Cape Cod Regional Vocational Technical,08790000,         722,           0,   0.0,,,,,,,,,           0,           0,           0,           0
Uxbridge,03040000,"       1,479",          23,   1.6,           1,           0,           0,           0,           0,           0,           0,           0,          10,           4,           2,           6
Veritas Preparatory Charter School (District),04980000,         419,          22,   5.3,,,,,           9,           5,           7,           1,,,,
Wachusett,07750000,"       6,049",          20,   0.3,           6,           2,           1,           3,           3,           2,           0,           0,           0,           0,           0,           3
Wakefield,03050000,"       2,972",           5,   0.2,           2,           0,           0,           0,           0,           0,           1,           0,           0,           0,           1,           1
Wales,03060000,          96,           0,   0.0,           0,           0,           0,           0,           0,           0,,,,,,
Walpole,03070000,"       3,280",          12,   0.4,           1,           0,           0,           0,           0,           0,           0,           1,           0,           0,           5,           5
Waltham,03080000,"       4,987",          26,   0.5,           5,           4,           0,           0,           0,           0,           0,           0,           6,           1,           5,           5
Ware,03090000,"       1,032",          21,   2.0,           0,           0,           0,           0,           0,           0,           0,           0,          14,           5,           2,           0
Wareham,03100000,"       1,771",          57,   3.2,           5,           1,           0,           0,           1,           0,           1,          17,          26,           2,           3,           1
Watertown,03140000,"       2,254",          19,   0.8,           5,           0,           0,           0,           0,           0,           0,           0,           4,           2,           1,           7
Wayland,03150000,"       2,498",           3,   0.1,           0,           0,           0,           0,           0,           0,           2,           0,           0,           0,           0,           1
Webster,03160000,"       1,543",          32,   2.1,           0,           0,           1,           0,           1,           2,           3,           1,           7,           5,          11,           1
Wellesley,03170000,"       4,142",           4,   0.1,           0,           0,           1,           0,           1,           0,           0,           0,           0,           0,           0,           2
Wellfleet,03180000,          89,           0,   0.0,           0,           0,           0,           0,           0,,,,,,,
West Boylston,03220000,         822,           4,   0.5,           1,           1,           1,           0,           0,           0,           0,           0,           0,           0,           0,           1
West Bridgewater,03230000,"       1,217",           4,   0.3,           1,           2,           0,           0,           1,           0,           0,           0,           0,           0,           0,           0
West Springfield,03320000,"       3,554",          42,   1.2,           5,           2,           4,           1,           0,           0,           1,           0,          24,           0,           0,           5
Westborough,03210000,"       3,495",           3,   0.1,           0,           0,           0,           0,           0,           1,           0,           0,           1,           1,           0,           0
Westfield,03250000,"       4,505",          15,   0.3,           4,           2,           1,           3,           0,           0,           0,           0,           0,           0,           0,           5
Westford,03260000,"       4,395",           6,   0.1,           1,           0,           1,           0,           0,           0,           0,           0,           0,           0,           0,           4
Westhampton,03270000,          89,           0,   0.0,           0,           0,           0,           0,           0,           0,,,,,,
Weston,03300000,"       1,763",           1,   0.1,           0,           0,           1,           0,           0,           0,           0,           0,           0,           0,           0,           0
Westport,03310000,"       1,215",          12,   1.0,           0,           0,           1,           0,           0,           0,           0,           1,           6,           2,           2,           0
Westwood,03350000,"       2,705",           1,   0.0,           0,           0,           0,           0,           0,           0,           0,           0,           0,           0,           0,           1
Weymouth,03360000,"       5,074",          54,   1.1,           0,           1,           0,           0,           0,           0,           0,           0,          35,           7,           3,           8
Whately,03370000,          88,           0,   0.0,           0,           0,           0,           0,           0,           0,,,,,,
Whitman-Hanson,07800000,"       3,292",          14,   0.4,           0,           0,           0,           0,           0,           0,           0,           0,           0,           0,           0,          14
Whittier Regional Vocational Technical,08850000,"       1,249",           0,   0.0,,,,,,,,,           0,           0,           0,           0
Williamsburg,03400000,         109,           0,   0.0,           0,           0,           0,           0,           0,           0,,,,,,
Wilmington,03420000,"       2,618",           4,   0.2,           1,           1,           1,           0,           0,           0,           0,           0,           1,           0,           0,           0
Winchendon,03430000,"       1,031",          41,   4.0,           0,           0,           1,           0,           0,           0,           1,           0,          10,           8,           2,          19
Winchester,03440000,"       4,210",          11,   0.3,           2,           0,           0,           0,           0,           0,           0,           0,           0,           0,           0,           9
Winthrop,03460000,"       1,721",          15,   0.9,           1,           2,           0,           0,           0,           1,           0,           0,           5,           4,           1,           1
Woburn,03470000,"       3,878",          13,   0.3,           3,           0,           0,           0,           0,           0,           0,           0,           1,           3,           2,           4
Worcester,03480000,"      21,604",         191,   0.9,          49,          18,           6,           3,           3,           1,           2,           5,          49,          19,          14,          22
Worthington,03490000,          51,           0,   0.0,           0,           0,           0,           0,           0,,,,,,,
Wrentham,03500000,         712,           0,   0.0,           0,           0,           0,           0,           0,           0,,,,,,
State Totals,00000000,"     831,182","       6,772",   0.8,         569,         272,         157,         101,          79,          81,         107,         119,"       2,184","       1,101",         781,"       1,221"