District/School Name,District/School Code,African American (#),Asian (#),Hispanic (#),White (#),Native American (#),"Native Hawaiian, Pacific Islander (#)","Multi-Race,Non-Hispanic (#)",Females (#),Males (#),FTE Count
Abby Kelley Foster Charter Public (District),4450000,6,2,6,166.2,0,0,2,143.2,39,182.2
Abington,10000,3,1,6.4,257.7,0,0,1,225.1,44,269.1
Academy Of the Pacific Rim Charter Public (District),4120000,22,7.2,10,49.3,0,0,2,65.4,25,90.4
Acton-Boxborough,6000000,4,29.5,9.5,743.1,1,0,1,678,110.1,788.1
Acushnet,30000,1,0,0,119.3,0,0,0,101.5,18.8,120.3
Advanced Math and Science Academy Charter (District),4300000,0,4.6,2,114.7,0,0,2,75.3,48,123.3
Agawam,50000,5,1,7,627,0,0,1,529.1,111.9,641
Alma del Mar Charter School (District),4090000,11.8,1,15,96.5,0,0,0,95.3,29,124.3
Amesbury,70000,0,0,1,243.3,0,0,1,197.9,47.4,245.3
Amherst,80000,16.8,10.2,40.7,192.2,0,0,7.5,220,46.9,267.3
Amherst-Pelham,6050000,34.4,3.7,34,183.6,0,0,5.5,173.5,87.2,261.3
Andover,90000,3,31.9,24.6,859.7,1,1,3,784.5,139.7,924.2
Argosy Collegiate Charter School (District),35090000,4.9,1.8,4.5,53.7,0,0,1,48.6,17.3,66
Arlington,100000,20.3,25.1,22.9,765.5,0,1,10.1,671.7,172.2,844.9
Ashburnham-Westminster,6100000,4,0,2,296.6,0,0,2,234.8,69.9,304.6
Ashland,140000,2,5,3,372.9,0,0,1,306.9,77,383.9
Assabet Valley Regional Vocational Technical,8010000,1,0,6,144.5,0,0,0,78,73.5,151.5
Athol-Royalston,6150000,3,0,1.4,212.2,0,0,0,177.6,39,216.6
Atlantis Charter (District),4910000,3,2,0,176.8,2,0,2,153.5,32.3,185.8
Attleboro,160000,7.6,3,21.4,660.2,1,0,6.4,580.6,117,699.6
Auburn,170000,2,2.4,10.5,319.5,0,0,1,284.7,50.7,335.4
Avon,180000,5,2,2,92.6,0,0,0,82.6,19,101.6
Ayer Shirley School District,6160000,3,3.5,6,241.2,0,0,1,206.5,48.1,254.7
Barnstable,200000,11,7.5,13,740.5,0.6,0,3,645.3,130.2,775.6
Baystate Academy Charter Public School (District),35020000,12,0,10.9,38.2,0,0,0,38.9,22.2,61.1
Bedford,230000,13,12.7,8,401.3,1,0,2,344.2,93.8,438
Belchertown,240000,0,0,4,305.7,0,0,0,256.1,53.6,309.7
Bellingham,250000,2,3,2,333.3,0,0,0,276.5,63.7,340.3
Belmont,260000,7.8,15,9,452.4,0,0,13.4,395.7,101.9,497.6
Benjamin Banneker Charter Public (District),4200000,23.1,2,3,27,0,0,0,46.3,8.8,55.1
Benjamin Franklin Classical Charter Public (District),4470000,1,1,1,104.1,0,0,0,95.1,12,107.1
Berkley,270000,0,0,1,112.8,0,0,0,99.8,14,113.8
Berkshire Arts and Technology Charter Public (District),4140000,0,0,1,59.7,0,0,1,45.5,16.2,61.7
Berkshire Hills,6180000,2,2,2,209.4,0,0,1,160.6,55.8,216.4
Berlin-Boylston,6200000,0,0,0,152.1,0,0,2,127.3,26.8,154.1
Beverly,300000,4,3,6.8,622,0,0,0,527.8,108,635.8
Billerica,310000,4,5.6,4,691.2,0,0,1,591.7,114.1,705.8
Blackstone Valley Regional Vocational Technical,8050000,0,0,3,167.6,0,0,0,98.9,71.7,170.6
Blackstone-Millville,6220000,0,1,6,198.4,0,0,0,168.9,36.5,205.4
Blue Hills Regional Vocational Technical,8060000,3,3,2,108.1,0,0,1,61.4,55.7,117.1
Boston,350000,"2,459.50",439.2,"1,121.60","4,498.30",17,9,18.5,"6,479.30","2,077.90","8,563.20"
Boston Collegiate Charter (District),4490000,18.3,6,19.9,67.1,0,0,6,79.8,37.5,117.3
Boston Day and Evening Academy Charter (District),4240000,16.6,4,9,21,1,0,2,36.6,17,53.6
Boston Green Academy Horace Mann Charter School (District),4110000,22.1,4.1,10.9,36.1,0,0,0,50.7,22.5,73.2
Boston Preparatory Charter Public (District),4160000,22.4,4.2,8,62.9,0,0,2.1,65.6,34,99.6
Boston Renaissance Charter Public (District),4810000,31,7,7,113,0,0,1,129,30,159
Bourne,360000,0,2,0,245.8,0,0,4.7,213.9,38.6,252.5
Boxford,380000,0,0,5,118.6,0,0,0,115.1,8.6,123.6
Braintree,400000,8,6.6,3,731.4,0,1.6,2,617.6,135,752.7
Brewster,410000,0,0,1,91.4,0,0,0,90,2.4,92.4
Bridge Boston Charter School (District),4170000,16.6,1,3.5,46.5,0,0,1,49.9,17.8,68.6
Bridgewater-Raynham,6250000,6,0,3,513.3,0,0,2,432.1,92.1,524.3
Brimfield,430000,0,1,0,43.1,0,0,0,40.7,3.4,44.1
Bristol County Agricultural,9100000,0,0,2,53.2,0,0,0,32.2,23,55.2
Bristol-Plymouth Regional Vocational Technical,8100000,3,0,2,146.1,2,0,0,96.6,56.5,153.1
Brockton,440000,307.4,25,79.2,"1,499.50",5.3,3,31.7,"1,576.00",375.2,"1,951.20"
Brooke Charter School (District),4280000,67,4,51,163,0,2,8,228,67,295
Brookfield,450000,0,0,0,42.4,0,0,0,39.6,2.8,42.4
Brookline,460000,102.1,73.3,60,"1,097.10",0,2,13.8,"1,061.40",285.8,"1,348.20"
Burlington,480000,1,12,6,536.1,0,0,1.6,470.4,85.3,556.7
Cambridge,490000,232.4,89.5,117.5,"1,073.10",2.5,2,3,"1,213.10",306.9,"1,520.00"
Canton,500000,11,4,10,407.7,0,1,8,364.7,77,441.7
Cape Cod Lighthouse Charter (District),4320000,0,0,0.5,41,0,0,0,34.8,6.7,41.5
Cape Cod Regional Vocational Technical,8150000,1,0,1,100.8,0,0,0,57.6,45.2,102.8
Carlisle,510000,1,3.8,1,105.7,0,0,0,91.7,19.8,111.5
Carver,520000,3.5,1,2,202.1,1,1,1,167.8,43.8,211.6
Central Berkshire,6350000,1,0,0,225.3,0,0,2,182.2,46.1,228.3
Chelmsford,560000,6,21,7,703.3,0,1,2,618.7,120.6,740.3
Chelsea,570000,10.4,0,176.9,541.4,0,2,19.3,612.3,137.7,750
Chesterfield-Goshen,6320000,0,0,0,24.6,0,0,0,22,2.6,24.6
Chicopee,610000,17.4,6,53,"1,045.50",1,1,5,922.6,206.3,"1,128.90"
Christa McAuliffe Charter Public (District),4180000,1,1,4,61.3,1,0,0,43.3,25,68.3
City on a Hill Charter Public School Circuit Street (District),4370000,13,1.6,4,26.8,0,0,0,33.1,12.3,45.4
Clarksburg,630000,0,0,0,28.5,0,0,0,25,3.5,28.5
Clinton,640000,1,1,10,243,0,0,4,212.4,46.6,259
Codman Academy Charter Public (District),4380000,33.8,3,5,36.3,0,0.5,2,59.6,21,80.6
Cohasset,650000,4,1.5,2,209.9,0,0,0,171.7,45.7,217.4
Collegiate Charter School of Lowell (District),35030000,5,3,12,71,0,0,0,73,18,91
Community Charter School of Cambridge (District),4360000,12.5,6,14,34.6,0,0,0.5,46.5,21,67.5
Community Day Charter Public School - Gateway (District),4260000,1,1,12.3,54.7,0,0,0,60.6,8.5,69.1
Community Day Charter Public School - Prospect (District),4400000,1,1,21,42.3,0,0,1,52.6,13.7,66.3
Community Day Charter Public School - R. Kingman Webster (District),4310000,2,0,12,43.6,0,0,1,45.2,13.5,58.6
Concord,670000,8.6,12.1,10.4,329.5,0,1,0,305.8,55.8,361.6
Concord-Carlisle,6400000,5.4,4,7.2,175.9,0,0,0,113.5,78.9,192.4
Conservatory Lab Charter (District),4390000,19,0,7,39.8,0,0,1,50.5,16.3,66.8
Conway,680000,0,0,0,39.7,0,0,0,35.4,4.3,39.7
Danvers,710000,0,1,5.6,459.9,0,0,3,378.6,91,469.5
Dartmouth,720000,2,0,2.3,436.4,0,0,3,355.8,87.9,443.8
Dedham,730000,5,5,4.6,434,0,0,0,367.7,80.9,448.6
Deerfield,740000,0,0,0,81.6,0,0,0,74,7.6,81.6
Dennis-Yarmouth,6450000,7.2,0,9.9,466.7,0.4,0,4,404.6,83.6,488.2
Dighton-Rehoboth,6500000,1,0,3,340.3,0,0,4,284,64.3,348.3
Douglas,770000,0,1,0,191.6,0,0,0,160.6,32,192.6
Dover,780000,0.3,0,3,77.3,0,0,0,71.4,9.1,80.5
Dover-Sherborn,6550000,4.5,2.7,6.9,157.2,0,1,0,126.2,46.1,172.3
Dracut,790000,3,2.5,4,388.3,0,0,0,336.4,61.4,397.8
Dudley Street Neighborhood Charter School (District),4070000,9.3,0,3.5,5.4,0,0,0,13.7,4.5,18.2
Dudley-Charlton Reg,6580000,0,0,6,431.5,1.8,0,2,348.8,92.4,441.2
Duxbury,820000,0,3.9,2,349.8,0,0,0,288.2,67.4,355.7
East Bridgewater,830000,0.5,1,0,273.4,0,0,0,223.9,51,274.9
East Longmeadow,870000,8,2,13.6,353.1,0,0,2,300,78.7,378.7
Eastham,850000,0,0,0,38.9,0,0,0,36.3,2.5,38.9
Easthampton,860000,2,0,4.3,214.4,0,0,0,179.9,40.8,220.7
Easton,880000,3,3,9,425.7,0,0,3.5,359.2,85,444.1
Edgartown,890000,2.4,0.2,1.7,83.2,0,0,0,73.6,13.9,87.5
Edward M. Kennedy Academy for Health Careers (Horace Mann Charter) (District),4520000,25.3,2.1,6.3,21.7,0,0,0,33.8,21.6,55.4
Erving,910000,0,0,0,42.7,0,0,3,41.4,4.3,45.7
Essex North Shore Agricultural and Technical School District,8170000,0,2,3,187.8,0,0,0,110.8,82,192.8
Everett,930000,15,21,31.2,702.4,1,2,3,607.5,168.1,775.6
Excel Academy Charter (District),4100000,17.9,5,53.8,140.8,0,0,5.9,173.7,49.7,223.4
Fairhaven,940000,2.5,1,0,236.7,0,0,1,193.6,47.6,241.2
Fall River,950000,38.5,13.6,44.4,"1,358.30",1,1,19.8,"1,185.20",291.3,"1,476.50"
Falmouth,960000,13,3,11,511.4,2,0,8,459.6,88.9,548.5
Farmington River Reg,6620000,0,0,0,27.8,0,0,0,21.2,6.6,27.8
Fitchburg,970000,11.5,7,60.5,584.5,0,0,4,544.2,123.4,667.6
Florida,980000,0,0,0,25.2,0,0,0,19.9,5.3,25.2
Four Rivers Charter Public (District),4130000,1,0,2,32.9,0,0,0,25.3,10.5,35.9
Foxborough,990000,4,4,1,358,0,0,0,293.9,73.1,367
Foxborough Regional Charter (District),4460000,13.3,0,15.8,186.3,0,0,0,169.1,46.3,215.3
Framingham,1000000,35.4,19.5,206.8,"1,088.10",1,0,0,"1,122.80",228,"1,350.80"
Francis W. Parker Charter Essential (District),4780000,2,0,3,63.1,0,0,0,48.6,19.6,68.1
Franklin,1010000,3,7,2,688.6,0,0,0,582.8,117.8,700.6
Franklin County Regional Vocational Technical,8180000,0,0,0,78,1,0,2,31.5,49.5,81
Freetown-Lakeville,6650000,2,0,4,333.2,0,0,1,276.1,64.1,340.2
Frontier,6700000,1,0,0,96,2,0,0,64,35,99
Gardner,1030000,1,4,8,306.3,0,0,3.5,246.3,76.5,322.8
Gateway,6720000,0,0,0,142.8,0,0,2,117.7,27.1,144.8
Georgetown,1050000,0,0,1,171.2,0,0.9,1,142.1,32,174.1
Gill-Montague,6740000,0,2,5,158.9,0,0,1,137.7,29.2,166.9
Global Learning Charter Public (District),4960000,5,0.8,6,61.8,0,1,1,53.9,21.7,75.6
Gloucester,1070000,2,1,5,488.7,1,0,0,407.7,90,497.7
Gosnold,1090000,0,0,0,1.4,0,0,0,1.4,0,1.4
Grafton,1100000,5.8,7,4,448.3,0.8,0,3.8,390.4,79.3,469.7
Granby,1110000,1,2,1,131.8,0,0,1,106.5,30.4,136.8
Greater Fall River Regional Vocational Technical,8210000,2.5,0,1,174.4,0,0,0,87.9,90,177.9
Greater Lawrence Regional Vocational Technical,8230000,0.7,1.8,26.2,157.8,0,0,0.7,113.6,73.5,187.2
Greater Lowell Regional Vocational Technical,8280000,5,6.7,11,271.4,1,0,0,186.1,109,295.1
Greater New Bedford Regional Vocational Technical,8250000,4.3,1,5,240.3,2,0,0,139,113.6,252.6
Greenfield,1140000,1,2,8,272.8,0,0,3,228.5,58.3,286.8
Greenfield Commonwealth Virtual District,39010000,1,1,1,81.5,0,0,0,60.3,24.2,84.5
Groton-Dunstable,6730000,0,1,1,333.1,1,0,1,277.7,59.4,337.1
Hadley,1170000,2,1,3,83.5,0,0,0,69.5,20,89.5
Halifax,1180000,0,0,0,68.5,0,0,0,58.8,9.7,68.5
Hamilton-Wenham,6750000,0,3.8,3.7,248,0,0,2,211,46.6,257.6
Hampden Charter School of Science East (District),4990000,2,2.5,3,58,0,0,0,36.5,29,65.5
Hampden Charter School of Science West (District),35160000,4,1,2,42,0,0,0,28.5,20.5,49
Hampden-Wilbraham,6800000,2.5,0,7.8,390.6,0,0,3,337.9,66,403.9
Hampshire,6830000,1,1,0,111.9,0,0,0,82.7,31.1,113.9
Hancock,1210000,0,0,0,15.7,0,0,0,13.7,2,15.7
Hanover,1220000,2,1,2,336,1,0,0,280.1,61.9,342
Harvard,1250000,1,2.5,3.5,142.7,0,1,0,120.7,30,150.7
Hatfield,1270000,0,0,1,65.9,0,0,0,51.4,15.5,66.9
Haverhill,1280000,6,10,76.6,"1,014.20",2,0,2,913.6,197.2,"1,110.80"
Hawlemont,6850000,0,0,0,25.8,0,0,0,23.4,2.4,25.8
Helen Y. Davis Leadership Academy Charter Public (District),4190000,20.5,1,5,3,0,0,2,21.5,10,31.5
Hill View Montessori Charter Public (District),4550000,1,0,1,34,0,0,1,32,5,37
Hilltown Cooperative Charter Public (District),4500000,0.9,0,0.4,41.4,0,0,0,36.3,6.4,42.7
Hingham,1310000,4,3.3,5,518.2,1,0,3,442.2,92.2,534.5
Holbrook,1330000,3,2,2,144.8,0,0,1,127,25.8,152.8
Holland,1350000,0,1,0,28.8,0,0,0,27.3,2.5,29.8
Holliston,1360000,4,4,5.5,400.5,1,0,2,342.8,74.3,417
Holyoke,1370000,55.5,9.2,301.1,561,3,0,1,719.9,209.8,930.8
Holyoke Community Charter (District),4530000,5,0,37,55,0,0,0,70,27,97
Hoosac Valley Regional,6030000,3,0,0,201,0,1,0,166,39,205
Hopedale,1380000,0,0,3,181.1,0,0,1,155.3,29.8,185.1
Hopkinton,1390000,4.9,15.2,7.9,472.1,0,0,0,402.3,97.8,500.1
Hudson,1410000,1,4,8,431.1,0,0,0,376.5,67.6,444.1
Hull,1420000,0,0,0.1,139.8,0,0,0,111.7,28.2,139.9
Innovation Academy Charter (District),4350000,1.8,3.6,5.5,97.4,0,0,1,80.7,28.7,109.3
Ipswich,1440000,0,0,6,285.6,0,1,0,246.7,45.9,292.6
KIPP Academy Boston Charter School (District),4630000,35.2,1,16.5,36.7,1,0,3,70.7,22.3,93.4
KIPP Academy Lynn Charter (District),4290000,57.1,13.6,27.5,104.4,0,0,5.5,150,56.6,208.1
King Philip,6900000,2,3,3.9,233.8,0,0,0,176,66.7,242.7
Kingston,1450000,0,0,0,135.6,0,0,0,119.5,16.1,135.6
Lawrence,1490000,24,2,472.9,"1,349.60",20.5,0,5,"1,461.70",411.3,"1,874.00"
Lawrence Family Development Charter (District),4540000,1,6,25,67.5,0,0,0,85.5,14,99.5
Learning First Charter Public School (District),4860000,6,1,11,62.5,0,0,0,67.5,13,80.5
Lee,1500000,0,2,2,128,0,0,0,110,22,132
Leicester,1510000,0,3,7.3,194.6,0,0,0,172.3,32.6,204.9
Lenox,1520000,0,0,2,139.6,0,0,0,112.4,29.2,141.6
Leominster,1530000,12.5,6,29.8,647.1,0,0,0,568.9,126.5,695.4
Leverett,1540000,1,0,0,26,0,0,0,23.8,3.1,27
Lexington,1550000,35.2,68,37.5,989.5,0.9,0.5,12.4,928.6,215.4,"1,144.00"
Libertas Academy Charter School (District),35140000,6,0,11,26.2,0,0,3,31.2,15,46.2
Lincoln,1570000,7,5.8,3.7,214.2,1,0,1,203.7,28.9,232.6
Lincoln-Sudbury,6950000,6.9,3.5,4.8,205.5,1,0,1,138.1,84.6,222.7
Littleton,1580000,0.8,1.8,1.8,201.5,0,0,3,175,33.8,208.8
Longmeadow,1590000,2,3,6,399.6,0,0,1,338.9,72.7,411.6
Lowell,1600000,39,86,129.5,"1,664.40",2,0.5,9,"1,557.00",373.4,"1,930.40"
Lowell Community Charter Public (District),4560000,4,10,13,68,0,0,1,72,24,96
Lowell Middlesex Academy Charter (District),4580000,0,1,2,12.5,0,0,0,11,4.5,15.5
Ludlow,1610000,4,1,5,394.8,0,0,0,337.8,66,404.8
Lunenburg,1620000,0,0,0,224,0,1,0,182.4,42.6,225
Lynn,1630000,50.1,22,167.1,"1,622.60",2,1,17,"1,476.40",403.3,"1,881.70"
Lynnfield,1640000,1,4,3,304.2,0,0,1,264.4,48.8,313.2
MATCH Charter Public School (District),4690000,68.8,13.7,35.1,142,1,0,7.5,194.6,73.5,268.1
Ma Academy for Math and Science,4680000,0,0,0,8,0,0,1,5,4,9
Malden,1650000,41,30.8,20,704.3,0,0,9,666.6,138.4,805
Manchester Essex Regional,6980000,0,1.6,3,196,0,0,0,155.1,45.5,200.6
Mansfield,1670000,3.6,4,9.3,489.1,0,0,2,413.8,93.2,508
Map Academy Charter School (District),35170000,2,0,1,26.8,0,0,0,17.9,11.9,29.8
Marblehead,1680000,2,4,7.8,445.6,0,1,5.9,375.3,91,466.3
Marblehead Community Charter Public (District),4640000,0,0,0,34.8,0,0,1,26.8,9,35.8
Marion,1690000,1.3,1,0,62.9,0,0,0,58.8,6.3,65.1
Marlborough,1700000,7,7.8,37,679.3,2,0,1,595,139.1,734.1
Marshfield,1710000,3,2,7,578.8,3,0,0,500.2,93.6,593.8
Martha's Vineyard,7000000,2.1,1.7,2.2,113.1,1,0,3,83.2,39.9,123.1
Martha's Vineyard Charter (District),4660000,1,0,0,39.3,0,0,1,33.8,7.5,41.3
Martin Luther King Jr. Charter School of Excellence (District),4920000,13.5,0,11.5,33.6,0,0,1,48.6,11,59.6
Masconomet,7050000,2,3.4,1,226.8,0,0,1,152.6,81.6,234.2
Mashpee,1720000,3,1,1,228.2,1,0.8,0,195.2,39.8,235
Mattapoisett,1730000,0.3,1,0,76.4,0,0,0,70.1,7.5,77.6
Maynard,1740000,1,4,11,202.4,0,0,1,174.9,44.5,219.4
Medfield,1750000,1,3.7,6,367.6,0,0,1.8,315.5,64.6,380.1
Medford,1760000,8,9,4,613.8,0,0,1,499.1,136.7,635.8
Medway,1770000,2,3.8,2,299.6,1,0,0,244.5,63.9,308.4
Melrose,1780000,1,7.1,7.4,461.5,0,0,2.6,389.9,89.7,479.6
Mendon-Upton,7100000,0,0,12.4,291.9,0,0,1,254.4,50.9,305.3
Methuen,1810000,3,0,22.2,763.3,1,0,0,643.3,146.2,789.5
Middleborough,1820000,2,1,0,356.9,1,0,1,282.7,79.2,361.9
Middleton,1840000,0,0,0,137.9,0,0,0,127.2,10.6,137.9
Milford,1850000,5,2,33.3,567.9,1,0,1,503,107.2,610.2
Millbury,1860000,3,3.8,1,244.5,0,0,1,191.3,62.1,253.3
Millis,1870000,0,2,3.5,169.5,0,0,0,143,32,175
Milton,1890000,35.4,7.4,11,457.7,1,1,0,417.8,95.7,513.5
Minuteman Regional Vocational Technical,8300000,0,1,2,108.1,0,0.5,1,60.1,52.5,112.6
Mohawk Trail,7170000,0,0,1,186.1,1,0,1,168,21.1,189.1
Monomoy Regional School District,7120000,2,2.8,2,291.4,0,0,1,241.5,57.7,299.2
Monson,1910000,0,0,1.5,149.2,0,1,0,121.2,30.5,151.7
Montachusett Regional Vocational Technical,8320000,1,0,8,171.9,2,0,0,104.8,78.1,182.9
Mount Greylock,7150000,1,3,2,199.9,0,0,0,151.3,54.6,205.9
Mystic Valley Regional Charter (District),4700000,6,4,4,161.7,0,0,2,129.7,48,177.7
Nahant,1960000,0,0,0,24.2,0,0,0,22.6,1.6,24.2
Nantucket,1970000,4,2,12.6,257.3,1,0,3,230.9,49,279.9
Narragansett,7200000,1,0,1,184.5,0,0,0,148.5,38,186.5
Nashoba,7250000,1,5,1,459.6,0,0,1,375.8,91.8,467.6
Nashoba Valley Regional Vocational Technical,8520000,1,1,1,93.4,0,0,0,52.4,44,96.4
Natick,1980000,5.5,13.6,5,750.2,1,0,4.2,622.5,156.9,779.4
Nauset,6600000,1,1,6,211.4,0,0,0,164.1,55.3,219.4
Needham,1990000,21.8,20.6,22.7,791.5,0,0,8,683.5,180.2,864.7
Neighborhood House Charter (District),4440000,31,10,15.5,69.1,1,0,4,99.1,31.6,130.7
New Bedford,2010000,124,9,124.8,"1,543.40",6,1,19.5,"1,463.70",363.9,"1,827.60"
New Heights Charter School of Brockton (District),35130000,20,1,1,54.2,0,0,1,48.7,28.5,77.2
New Salem-Wendell,7280000,1,0,1,26.8,0,0,2,28.3,2.6,30.8
Newburyport,2040000,3,2,3,329,0,1,0,270.9,66.2,338
Newton,2070000,92.7,94.1,65.5,"1,766.00",0.9,0,27.4,"1,605.70",439.8,"2,046.50"
Norfolk,2080000,0,0,0,156.4,0,0,0,144.7,11.7,156.4
Norfolk County Agricultural,9150000,0,0,0,81.9,0,0,0,49.8,32.1,81.9
North Adams,2090000,1,1,2,268.6,0,0,1,218.3,55.3,273.6
North Andover,2110000,1,6,1,599.2,0,0,0,503.5,103.7,607.2
North Attleborough,2120000,3.8,5.8,3,512.8,0,0,2,446,81.4,527.4
North Brookfield,2150000,0,1,2.4,81.7,0,0,0,68.3,16.8,85.1
North Middlesex,7350000,1,0.8,3,407.3,0,1,1,339.3,74.8,414.1
North Reading,2170000,0,1,3,326.9,0,0,0,257.6,73.3,330.9
Northampton,2100000,7.8,1,24.6,424.6,0,0,5.3,369.7,93.5,463.3
Northampton-Smith Vocational Agricultural,4060000,1,0,3,110.9,0,0,1,62,53.9,115.9
Northboro-Southboro,7300000,1.3,1,2,188.3,0,1,0,146.3,47.3,193.6
Northborough,2130000,0.4,2,3,265.1,0,1,1,244.5,28,272.5
Northbridge,2140000,1,0,1,294.6,0,1,1,234.6,64,298.6
Northeast Metropolitan Regional Vocational Technical,8530000,4,2,6.6,158.2,0,0,0,86.5,84.3,170.8
Northern Berkshire Regional Vocational Technical,8510000,0,0,0,66.5,0,0,0,38.5,28,66.5
Norton,2180000,2,0,4,320.9,0,0,0,270.2,56.6,326.8
Norwell,2190000,1,2,2,277.5,0,0,0,221.8,60.7,282.5
Norwood,2200000,7,2,8,499.6,1,0,0,411.6,106,517.6
Oak Bluffs,2210000,0.4,0,0.8,84.6,0,0,3,81.1,7.6,88.8
Old Colony Regional Vocational Technical,8550000,0,1,0,86,0,0,3,50,40,90
Old Rochester,7400000,3.3,2,1,147.8,0,0,0,105,49.1,154.1
Old Sturbridge Academy Charter Public School (District),35150000,0,0,2,29.6,0,0,0,24.6,7,31.6
Orange,2230000,0,0,1,83,0,0,0,75,9,84
Orleans,2240000,0,0,0,43.2,0,0,0,38.3,4.9,43.2
Oxford,2260000,1,1,1,202.2,0,0,1,168.3,38,206.2
Palmer,2270000,0,1,3,198.2,0,1,2,169.7,35.5,205.2
Pathfinder Regional Vocational Technical,8600000,0,0,0,105.5,0,0,0,53,52.5,105.5
Paulo Freire Social Justice Charter School (District),35010000,9,0,12.9,21,0,0,0,30.9,12,42.9
Peabody,2290000,1,1,9.5,717.6,0,0,1,597.4,132.7,730.1
Pelham,2300000,0.1,0.2,2.7,24,0,0,0,24.3,2.7,27.1
Pembroke,2310000,1,1,0,299.5,0,0,0,250.9,50.7,301.5
Pentucket,7450000,0,0,2,322,0,0,3.2,265,62.2,327.2
Petersham,2340000,0,0,0,25.5,0,0,0,22.4,3.1,25.5
Phoenix Academy Public Charter High School Lawrence (District),35180000,3,0,3.9,14,0,0,0,16.9,4,20.9
Phoenix Academy Public Charter High School Springfield (District),35080000,10.3,2,2.9,7,0,0,0,17.2,5,22.2
Phoenix Charter Academy (District),4930000,6.3,4,10.5,14,0,0,0,26.8,8,34.8
Pioneer Charter School of Science (District),4940000,4,2,3.3,88.2,0,0,0,62.1,35.3,97.4
Pioneer Charter School of Science II (PCSS-II) (District),35060000,4,8,5,33.8,0,0,0,27.4,23.4,50.8
Pioneer Valley,7500000,0,0,0,132.9,0,0,0,113,20,132.9
Pioneer Valley Chinese Immersion Charter (District),4970000,2,40.8,1,51.6,0,0,2,78.3,19.1,97.4
Pioneer Valley Performing Arts Charter Public (District),4790000,4,1,5,57.2,0,0,0,42.2,25,67.2
Pittsfield,2360000,22.8,8,21.8,805.8,1,0,12,692,179.4,871.4
Plainville,2380000,0,3,1,82.4,0,0,0,82.4,4,86.4
Plymouth,2390000,7.6,5,9.1,"1,035.50",1,2.6,1,866.6,195.1,"1,061.70"
Plympton,2400000,0,0,0,33.2,0,0,0,32,1.2,33.2
Prospect Hill Academy Charter (District),4870000,21.9,8.7,16.4,124.3,0,0,4,140.5,34.7,175.2
Provincetown,2420000,0,0,1,29.6,0,0,1,23.1,8.5,31.6
Quabbin,7530000,2,1.9,2,277.5,0,0,1,237.6,46.8,284.4
Quaboag Regional,7780000,0,1,0,182,0,0,0,141.4,41.6,183
Quincy,2430000,6,60,4,"1,097.80",0,0,15,970,212.8,"1,182.80"
Ralph C Mahar,7550000,0,1,2,88.5,0,0,0,65.3,26.2,91.5
Randolph,2440000,64.8,17.6,17.6,283.8,1,0,4,309.5,79.3,388.7
Reading,2460000,1.6,5.5,3.8,521.2,0,0,1,449.7,83.3,533
Revere,2480000,15,13,32.5,783.2,1,1,5.5,667.2,184,851.2
Richmond,2490000,2,0,0,32.4,0,0,0,31.1,3.3,34.4
Rising Tide Charter Public (District),4830000,2,2,3,84.4,0,0,0,63.8,27.6,91.4
River Valley Charter (District),4820000,0,0,0,50.5,0,0,2,41.8,10.7,52.5
Rochester,2500000,2.3,0,0,66.3,0,0,0,61,7.5,68.5
Rockland,2510000,1,0,5,303.1,0,0,1,265.4,44.8,310.1
Rockport,2520000,0,0,0,156,0,0,0,128.3,27.7,156
Rowe,2530000,0,0,1,13.9,0,0,0,11.7,3.2,14.9
Roxbury Preparatory Charter (District),4840000,26.3,4,13,86.6,0,0,9,79.7,58.1,138.8
Sabis International Charter (District),4410000,14,2,15,124,0,0,1,111,45,156
Salem,2580000,10.2,6.1,60.5,643.5,0,0,1,599.3,122,721.3
Salem Academy Charter (District),4850000,3,1,10,58.9,0,0,0,52.1,20.8,72.9
Sandwich,2610000,0,2,5,357.1,0,0,1,310.5,54.6,365.1
Saugus,2620000,1,0,6,320,0,1,1,268.4,60.5,329
Savoy,2630000,0,0,0,16.5,0,0,0,14,2.5,16.5
Scituate,2640000,2,2,0,407.8,0,0.6,1,345,68.4,413.4
Seekonk,2650000,3,1,0,292.1,0,0,3,245.1,54,299.1
Sharon,2660000,7,16.2,3,425.6,1,1,1,377.3,77.4,454.7
Shawsheen Valley Regional Vocational Technical,8710000,0,2,3,182.5,0,0,0,110.5,77,187.5
Sherborn,2690000,1.1,0,1,64.1,0,0,1,64.2,3.1,67.2
Shrewsbury,2710000,8.5,28,10.8,781.3,1,0,6,716.7,117.9,835.6
Shutesbury,2720000,0,1,1,30.4,0,0,1,31,2.5,33.4
Silver Lake,7600000,2,1,0,217.2,0,0,0,156.2,64.1,220.2
Sizer School: A North Central Charter Essential (District),4740000,1,1,3.9,56.6,0,0,0,49.6,12.9,62.5
Somerset,2730000,1,0,0,228.4,0,0,0,205,24.4,229.4
Somerset Berkley Regional School District,7630000,0,1,3,117.1,0,0,0,80,41.1,121.1
Somerville,2740000,35.8,14.5,84.1,634.3,1,0,9.5,625.6,153.7,779.3
South Hadley,2780000,0.4,2,2,262.5,0,0,0,209.3,57.6,266.9
South Middlesex Regional Vocational Technical,8290000,2,1,15,116.3,0,0,0,76.3,58,134.3
South Shore Charter Public (District),4880000,9.9,2,1,140.1,0,0,1,111.3,42.7,154
South Shore Regional Vocational Technical,8730000,0,0,1,96.5,0,0,0,49.2,48.3,97.5
Southampton,2750000,0,0,0,67.9,0,0,2,61.6,8.3,69.9
Southborough,2760000,0.3,4,5,211.6,1,0,0,199.6,22.3,221.9
Southbridge,2770000,7.5,1,55.1,279.6,0,0,1,264,80.2,344.3
Southeastern Regional Vocational Technical,8720000,12.5,4,5,167.8,0,0,2,115,76.3,191.3
Southern Berkshire,7650000,2,2,3,134.9,1,0,1,111.3,32.6,143.9
Southern Worcester County Regional Vocational Technical,8760000,0,0,2,162,0,0,1,95,70,165
Southwick-Tolland-Granville Regional School District,7660000,0,0,5,222.5,0,0,2,193.5,36,229.5
Spencer-E Brookfield,7670000,0,0,4,194.2,0,0,0,155.2,42.9,198.2
Springfield,2810000,585.2,40.5,611.9,"2,575.30",0,3,22.5,"3,013.70",824.7,"3,838.40"
Springfield Preparatory Charter School (District),35100000,6,1,10,33.4,0,1,0,45.4,5,51.4
Stoneham,2840000,1,3,1,362.9,0,0,1,295.9,73,368.9
Stoughton,2850000,8.1,3.9,4.9,452.7,1,2,2.1,394.9,79.7,474.6
Sturbridge,2870000,0,0,1,128.9,0,0,0,121.7,8.2,129.9
Sturgis Charter Public (District),4890000,1,1,5.5,140.7,0,0,0,103.1,45.1,148.2
Sudbury,2880000,6,4,11.9,375,0,0,5.6,340.4,62.1,402.5
Sunderland,2890000,0,3,1,58.5,0,0,0,51.5,11,62.5
Sutton,2900000,2,0,0,201.6,0,0,0,163.4,40.3,203.6
Swampscott,2910000,4,1,7,306.3,0,0,3,267.1,54.2,321.3
Swansea,2920000,1,1,1.1,246.5,0,0,0,183.5,66.1,249.6
TEC Connections Academy Commonwealth Virtual School District,39020000,2,7,5,137.6,0,0,0,111.7,39.9,151.6
Tantasqua,7700000,1.4,0,2.8,211.3,0,0,1,149.4,66.2,216.5
Taunton,2930000,17,6,19.5,853.5,0,0,2,736.7,161.2,898
Tewksbury,2950000,2.5,9,12,464.5,0,0,0,404.5,82.5,488
Tisbury,2960000,1.3,0.2,3.4,70.4,0,0,1,65,11.3,76.3
Topsfield,2980000,0,0,1.8,105.9,0,0,0,99.9,7.8,107.7
Tri-County Regional Vocational Technical,8780000,0,1,0,138.2,0,0,0,84.4,54.8,139.2
Triton,7730000,2,2,0,365.2,0,0,0,290.9,78.3,369.2
Truro,3000000,0,0,1,31.8,0,0,0,29.4,3.4,32.8
Tyngsborough,3010000,0,1,3,210.2,0,0,0,165.7,48.5,214.2
UP Academy Charter School of Boston (District),4800000,15,0,4,34,0,0,0,37,16,53
UP Academy Charter School of Dorchester (District),35050000,19,0,6,47,0,0,0,57,15,72
Up-Island Regional,7740000,0.3,0,2.4,87.3,0,0,1,79.5,11.5,91
Upper Cape Cod Regional Vocational Technical,8790000,0,0,0,105.7,1,0,0,41.2,65.5,106.7
Uxbridge,3040000,0,1,0,239,0,0,0,200.6,39.4,240
Veritas Preparatory Charter School (District),4980000,14,1,6,35.5,0,0,1,45.5,12,57.5
Wachusett,7750000,3,1,4,862.7,0,1,0,721.6,150.2,871.7
Wakefield,3050000,1,3,3,449.9,1,0,1,365.5,93.4,458.9
Wales,3060000,0,0,0,22.5,0,0,1,21.1,2.5,23.5
Walpole,3070000,0,3.5,5.8,494,0,0,0.5,415.9,87.9,503.8
Waltham,3080000,18.2,17.6,59.3,775.6,0,2,6,701,177.7,878.7
Ware,3090000,1,0,6,165.7,0,0,0,138.7,34,172.7
Wareham,3100000,3.9,0,0,305.7,0,0,8.9,264.4,54.1,318.5
Watertown,3140000,4,3,39.5,399.1,0,0,3,342.3,106.3,448.6
Wayland,3150000,11,13,19.3,416.2,0,0,2,372.1,89.4,461.5
Webster,3160000,4,0,2,247.8,0,0,1,215.6,39.2,254.8
Wellesley,3170000,20.1,21.2,26.3,783.5,0,0,12.3,692.5,170.8,863.4
Wellfleet,3180000,0,0,0,29.4,0,0,0,26.9,2.5,29.4
West Boylston,3220000,1,0,2,139.4,0,0,0,115,27.4,142.4
West Bridgewater,3230000,0,0,1,153.6,0,0,2,128.8,27.8,156.6
West Springfield,3320000,5,3,12,588.7,0,1,0,495.4,114.3,609.7
Westborough,3210000,5,17.2,5,557.8,0,1,1.8,484.4,103.4,587.8
Westfield,3250000,9,5,8,700.9,2,0,1,587.1,138.8,726
Westford,3260000,2,15.8,6,617.1,0,0,1,538.3,103.6,641.9
Westhampton,3270000,0,0,0,26,0,0,0,22.7,3.3,26
Weston,3300000,7.7,16.4,12.3,340.1,0,0,1,283.7,93.8,377.5
Westport,3310000,0,0,0,222.1,0,0,0,185,37.1,222.1
Westwood,3350000,7,8.6,10,450.6,0,0,2.8,382.3,96.7,479
Weymouth,3360000,4,8,6,800,1,1,1,643.6,177.4,821
Whately,3370000,0,0,0,34.4,0,0,0,32.6,1.8,34.4
Whitman-Hanson,7800000,3.9,0.9,3.9,435.3,0,0,0,358,85.9,444
Whittier Regional Vocational Technical,8850000,0.8,0,1,135.3,0,0,0,73.8,63.3,137
Williamsburg,3400000,0,0,0,29.5,0,0,0,26.2,3.3,29.5
Wilmington,3420000,0.5,5,3,442.8,1,0,2,377.7,76.6,454.3
Winchendon,3430000,2,0,2,150,0,1,0,135,20,155
Winchester,3440000,4,3.8,4,566.4,0,0,0.9,474.8,103.5,579.1
Winthrop,3460000,0,4,1,256.2,0,0,0,206.4,54.7,261.2
Woburn,3470000,4.9,4.8,10,606.9,1,1,0,506.6,122,628.6
Worcester,3480000,151.8,56,381,"3,089.30",0,7,0,"2,956.20",728.8,"3,685.10"
Worthington,3490000,0,0,0,15.9,0,0,0,13.9,2,15.9
Wrentham,3500000,0,2,0.6,153.4,0,0,0,144.1,11.9,156
State Totals,0,"6,273.50","2,291.30","6,734.30","1,20,120.90",133.6,79.4,716.7,"1,08,536.10","27,782.90","1,36,349.70"